{
  "video_id": "o-0lj02cBPY",
  "total_qa_pairs": 28,
  "question_types": {
    "explicit": 0,
    "synthetic": 0,
    "conversational": 0
  },
  "avg_question_length": 313.85714285714283,
  "avg_answer_length": 238.28571428571428,
  "created_at": "2025-08-22T14:14:06.741587"
}